aaNum,mis_pos,syn_pos,codon,orig_aa
1,9,0,ATG,Met
2,6,3,GGC,Gly
3,6,2,AGA,Arg
4,6,3,GTG,Val
5,6,3,GGC,Gly
6,6,1,TAT,Tyr
7,7,0,TGG,Trp
8,6,3,ACC,Thr
9,5,4,CTG,Leu
10,5,4,CTG,Leu
11,6,3,GTG,Val
12,5,4,CTG,Leu
13,6,3,CCG,Pro
14,6,3,GCC,Ala
15,6,3,CTT,Leu
16,5,4,CTG,Leu
17,6,3,GTC,Val
18,7,0,TGG,Trp
19,6,3,CGC,Arg
20,6,3,GGT,Gly
21,6,3,CCG,Pro
22,6,3,GCG,Ala
23,6,3,CCG,Pro
24,8,1,AGC,Ser
25,6,3,GCG,Ala
26,6,3,GCG,Ala
27,6,3,GCG,Ala
28,7,1,GAG,Glu
29,7,1,AAG,Lys
30,6,3,GGT,Gly
31,6,3,CCC,Pro
32,6,3,CCC,Pro
33,6,3,GCG,Ala
34,5,4,CTA,Leu
35,8,1,AAT,Asn
36,7,2,ATT,Ile
37,6,3,GCG,Ala
38,6,3,GTG,Val
39,9,0,ATG,Met
40,5,4,CTG,Leu
41,6,3,GGT,Gly
42,8,1,CAC,His
43,8,1,AGC,Ser
44,8,1,CAC,His
45,8,1,GAC,Asp
46,6,3,GTG,Val
47,6,3,ACA,Thr
48,7,1,GAG,Glu
49,6,3,CGC,Arg
50,7,1,GAA,Glu
51,6,3,CTT,Leu
52,4,4,CGA,Arg
53,6,3,ACA,Thr
54,5,4,CTG,Leu
55,7,0,TGG,Trp
56,6,3,GGC,Gly
57,6,3,CCC,Pro
58,7,1,GAG,Glu
59,7,1,CAG,Gln
60,6,3,GCG,Ala
61,6,3,GCG,Ala
62,6,3,GGG,Gly
63,5,4,CTG,Leu
64,6,3,CCC,Pro
65,5,4,CTG,Leu
66,8,1,GAC,Asp
67,6,3,GTG,Val
68,8,1,AAC,Asn
69,6,3,GTG,Val
70,6,3,GTA,Val
71,6,3,GCT,Ala
72,5,4,CTG,Leu
73,5,4,CTG,Leu
74,9,0,ATG,Met
75,8,1,AAC,Asn
76,6,3,CGC,Arg
77,6,3,ACC,Thr
78,8,1,GAC,Asp
79,6,3,CCC,Pro
80,7,1,AAG,Lys
81,8,1,AGC,Ser
82,6,3,CTC,Leu
83,7,2,ATC,Ile
84,6,3,ACG,Thr
85,8,1,CAC,His
86,6,3,GTG,Val
87,7,1,TGC,Cys
88,8,1,GAC,Asp
89,6,3,CTC,Leu
90,9,0,ATG,Met
91,6,3,TCC,Ser
92,6,3,GGG,Gly
93,6,3,GCA,Ala
94,6,3,CGC,Arg
95,7,2,ATC,Ile
96,8,1,CAC,His
97,6,3,GGC,Gly
98,6,3,CTC,Leu
99,6,3,GTG,Val
100,8,1,TTT,Phe
101,6,3,GGG,Gly
102,8,1,GAC,Asp
103,8,1,GAC,Asp
104,6,3,ACG,Thr
105,8,1,GAC,Asp
106,7,1,CAG,Gln
107,7,1,GAG,Glu
108,6,3,GCC,Ala
109,6,3,GTA,Val
110,6,3,GCC,Ala
111,7,1,CAG,Gln
112,9,0,ATG,Met
113,5,4,CTG,Leu
114,8,1,GAT,Asp
115,8,1,TTT,Phe
116,7,2,ATC,Ile
117,6,3,TCC,Ser
118,6,3,TCC,Ser
119,8,1,CAC,His
120,6,3,ACC,Thr
121,8,1,TTC,Phe
122,6,3,GTC,Val
123,6,3,CCC,Pro
124,7,2,ATC,Ile
125,6,2,TTG,Leu
126,6,3,GGC,Gly
127,7,2,ATT,Ile
128,8,1,CAT,His
129,6,3,GGG,Gly
130,6,3,GGC,Gly
131,6,3,GCA,Ala
132,6,3,TCT,Ser
133,9,0,ATG,Met
134,7,2,ATC,Ile
135,9,0,ATG,Met
136,6,3,GCT,Ala
137,8,1,GAC,Asp
138,7,1,AAG,Lys
139,8,1,GAT,Asp
140,6,3,CCG,Pro
141,6,3,ACG,Thr
142,6,3,TCT,Ser
143,6,3,ACC,Thr
144,8,1,TTC,Phe
145,8,1,TTC,Phe
146,7,1,CAG,Gln
147,8,1,TTT,Phe
148,5,3,GGA,Gly
149,6,3,GCG,Ala
150,6,3,TCC,Ser
151,7,2,ATC,Ile
152,7,1,CAG,Gln
153,7,1,CAG,Gln
154,7,1,CAA,Gln
155,6,3,GCC,Ala
156,6,3,ACG,Thr
157,6,3,GTC,Val
158,9,0,ATG,Met
159,5,4,CTG,Leu
160,7,1,AAG,Lys
161,7,2,ATC,Ile
162,9,0,ATG,Met
163,7,1,CAG,Gln
164,8,1,GAT,Asp
165,6,1,TAT,Tyr
166,8,1,GAC,Asp
167,7,0,TGG,Trp
168,8,1,CAT,His
169,6,3,GTC,Val
170,8,1,TTC,Phe
171,6,3,TCC,Ser
172,5,4,CTG,Leu
173,6,3,GTG,Val
174,6,3,ACC,Thr
175,6,3,ACT,Thr
176,7,2,ATC,Ile
177,8,1,TTC,Phe
178,6,3,CCT,Pro
179,6,3,GGC,Gly
180,6,1,TAC,Tyr
181,7,2,AGG,Arg
182,7,1,GAA,Glu
183,8,1,TTC,Phe
184,7,2,ATC,Ile
185,8,1,AGC,Ser
186,8,1,TTC,Phe
187,6,3,GTC,Val
188,7,1,AAG,Lys
189,6,3,ACC,Thr
190,6,3,ACA,Thr
191,6,3,GTG,Val
192,8,1,GAC,Asp
193,8,1,AAC,Asn
194,8,1,AGC,Ser
195,8,1,TTT,Phe
196,6,3,GTG,Val
197,6,3,GGC,Gly
198,7,0,TGG,Trp
199,8,1,GAC,Asp
200,9,0,ATG,Met
201,7,1,CAG,Gln
202,8,1,AAT,Asn
203,6,3,GTG,Val
204,7,2,ATC,Ile
205,6,3,ACA,Thr
206,5,4,CTG,Leu
207,8,1,GAC,Asp
208,6,3,ACT,Thr
209,6,3,TCC,Ser
210,8,1,TTT,Phe
211,7,1,GAG,Glu
212,8,1,GAT,Asp
213,6,3,GCA,Ala
214,7,1,AAG,Lys
215,6,3,ACA,Thr
216,7,1,CAA,Gln
217,6,3,GTC,Val
218,7,1,CAG,Gln
219,5,4,CTG,Leu
220,7,1,AAG,Lys
221,7,1,AAG,Lys
222,7,2,ATC,Ile
223,8,1,CAC,His
224,6,3,TCT,Ser
225,6,3,TCT,Ser
226,6,3,GTC,Val
227,7,2,ATC,Ile
228,6,2,TTG,Leu
229,6,3,CTC,Leu
230,6,1,TAC,Tyr
231,7,1,TGT,Cys
232,6,3,TCC,Ser
233,7,1,AAA,Lys
234,8,1,GAC,Asp
235,7,1,GAG,Glu
236,6,3,GCT,Ala
237,6,3,GTT,Val
238,6,3,CTC,Leu
239,7,2,ATT,Ile
240,5,4,CTG,Leu
241,8,1,AGT,Ser
242,7,1,GAG,Glu
243,6,3,GCC,Ala
244,6,3,CGC,Arg
245,6,3,TCC,Ser
246,6,3,CTT,Leu
247,6,3,GGC,Gly
248,6,3,CTC,Leu
249,6,3,ACC,Thr
250,6,3,GGG,Gly
251,6,1,TAT,Tyr
252,8,1,GAT,Asp
253,8,1,TTC,Phe
254,8,1,TTC,Phe
255,7,0,TGG,Trp
256,7,2,ATT,Ile
257,6,3,GTC,Val
258,6,3,CCC,Pro
259,8,1,AGC,Ser
260,6,2,TTG,Leu
261,6,3,GTC,Val
262,6,3,TCT,Ser
263,6,3,GGG,Gly
264,8,1,AAC,Asn
265,6,3,ACG,Thr
266,7,1,GAG,Glu
267,6,3,CTC,Leu
268,7,2,ATC,Ile
269,6,3,CCA,Pro
270,7,1,AAA,Lys
271,7,1,GAG,Glu
272,8,1,TTT,Phe
273,6,3,CCA,Pro
274,5,3,TCG,Ser
275,5,3,GGA,Gly
276,6,3,CTC,Leu
277,7,2,ATT,Ile
278,6,3,TCT,Ser
279,6,3,GTC,Val
280,6,3,TCC,Ser
281,6,1,TAC,Tyr
282,8,1,GAT,Asp
283,8,1,GAC,Asp
284,7,0,TGG,Trp
285,8,1,GAC,Asp
286,6,1,TAC,Tyr
287,8,1,AGC,Ser
288,5,4,CTG,Leu
289,7,1,GAG,Glu
290,6,3,GCG,Ala
291,6,2,AGA,Arg
292,6,3,GTG,Val
293,7,2,AGG,Arg
294,8,1,GAC,Asp
295,6,3,GGC,Gly
296,7,2,ATT,Ile
297,6,3,GGC,Gly
298,7,2,ATC,Ile
299,5,4,CTA,Leu
300,6,3,ACC,Thr
301,6,3,ACC,Thr
302,6,3,GCT,Ala
303,6,3,GCA,Ala
304,6,3,TCT,Ser
305,6,3,TCT,Ser
306,9,0,ATG,Met
307,5,4,CTG,Leu
308,7,1,GAG,Glu
309,7,1,AAG,Lys
310,8,1,TTC,Phe
311,6,3,TCC,Ser
312,6,1,TAC,Tyr
313,7,2,ATC,Ile
314,6,3,CCC,Pro
315,7,1,GAG,Glu
316,6,3,GCC,Ala
317,7,1,AAG,Lys
318,6,3,GCC,Ala
319,8,1,AGC,Ser
320,7,1,TGC,Cys
321,6,1,TAC,Tyr
322,6,3,GGG,Gly
323,7,1,CAG,Gln
324,9,0,ATG,Met
325,7,1,GAG,Glu
326,7,2,AGG,Arg
327,6,3,CCA,Pro
328,7,1,GAG,Glu
329,6,3,GTC,Val
330,6,3,CCG,Pro
331,9,0,ATG,Met
332,8,1,CAC,His
333,6,3,ACC,Thr
334,6,2,TTG,Leu
335,8,1,CAC,His
336,6,3,CCA,Pro
337,8,1,TTT,Phe
338,9,0,ATG,Met
339,6,3,GTC,Val
340,8,1,AAT,Asn
341,6,3,GTT,Val
342,6,3,ACA,Thr
343,7,0,TGG,Trp
344,8,1,GAT,Asp
345,6,3,GGC,Gly
346,7,1,AAA,Lys
347,8,1,GAC,Asp
348,5,2,TTA,Leu
349,6,3,TCC,Ser
350,8,1,TTC,Phe
351,6,3,ACT,Thr
352,7,1,GAG,Glu
353,7,1,GAA,Glu
354,6,3,GGC,Gly
355,6,1,TAC,Tyr
356,7,1,CAG,Gln
357,6,3,GTG,Val
358,8,1,CAC,His
359,6,3,CCC,Pro
360,7,2,AGG,Arg
361,5,4,CTG,Leu
362,6,3,GTG,Val
363,6,3,GTG,Val
364,7,2,ATT,Ile
365,6,3,GTG,Val
366,5,4,CTG,Leu
367,8,1,AAC,Asn
368,7,1,AAA,Lys
369,8,1,GAC,Asp
370,5,4,CGG,Arg
371,7,1,GAA,Glu
372,7,0,TGG,Trp
373,7,1,GAA,Glu
374,7,1,AAG,Lys
375,6,3,GTG,Val
376,6,3,GGC,Gly
377,7,1,AAG,Lys
378,7,0,TGG,Trp
379,7,1,GAG,Glu
380,8,1,AAC,Asn
381,8,1,CAT,His
382,6,3,ACG,Thr
383,5,4,CTG,Leu
384,8,1,AGC,Ser
385,5,4,CTG,Leu
386,7,2,AGG,Arg
387,8,1,CAC,His
388,6,3,GCC,Ala
389,6,3,GTG,Val
390,7,0,TGG,Trp
391,6,3,CCC,Pro
392,7,2,AGG,Arg
393,6,1,TAC,Tyr
394,7,1,AAG,Lys
395,6,3,TCC,Ser
396,8,1,TTC,Phe
397,6,3,TCC,Ser
398,8,1,GAC,Asp
399,7,1,TGT,Cys
400,7,1,GAG,Glu
401,6,3,CCG,Pro
402,8,1,GAT,Asp
403,8,1,GAC,Asp
404,8,1,AAC,Asn
405,8,1,CAT,His
406,6,3,CTC,Leu
407,8,1,AGC,Ser
408,7,2,ATC,Ile
409,6,3,GTC,Val
410,6,3,ACC,Thr
411,5,4,CTG,Leu
412,7,1,GAG,Glu
413,7,1,GAG,Glu
414,6,3,GCC,Ala
415,6,3,CCA,Pro
416,8,1,TTC,Phe
417,6,3,GTC,Val
418,7,2,ATC,Ile
419,6,3,GTG,Val
420,7,1,GAA,Glu
421,8,1,GAC,Asp
422,7,2,ATA,Ile
423,8,1,GAC,Asp
424,6,3,CCC,Pro
425,5,4,CTG,Leu
426,6,3,ACC,Thr
427,7,1,GAG,Glu
428,6,3,ACG,Thr
429,7,1,TGT,Cys
430,6,3,GTG,Val
431,7,2,AGG,Arg
432,8,1,AAC,Asn
433,6,3,ACC,Thr
434,6,3,GTG,Val
435,6,3,CCA,Pro
436,7,1,TGT,Cys
437,5,4,CGG,Arg
438,7,1,AAG,Lys
439,8,1,TTC,Phe
440,6,3,GTC,Val
441,7,1,AAA,Lys
442,7,2,ATC,Ile
443,8,1,AAC,Asn
444,8,1,AAT,Asn
445,4,3,TCA,Ser
446,6,3,ACC,Thr
447,8,1,AAT,Asn
448,7,1,GAG,Glu
449,6,3,GGG,Gly
450,9,0,ATG,Met
451,8,1,AAT,Asn
452,6,3,GTG,Val
453,7,1,AAG,Lys
454,7,1,AAA,Lys
455,7,1,TGC,Cys
456,7,1,TGC,Cys
457,7,1,AAG,Lys
458,6,3,GGG,Gly
459,8,1,TTC,Phe
460,7,1,TGC,Cys
461,7,2,ATT,Ile
462,8,1,GAT,Asp
463,7,2,ATT,Ile
464,5,4,CTG,Leu
465,7,1,AAG,Lys
466,7,1,AAG,Lys
467,6,3,CTT,Leu
468,6,3,TCC,Ser
469,6,2,AGA,Arg
470,6,3,ACT,Thr
471,6,3,GTG,Val
472,7,1,AAG,Lys
473,8,1,TTT,Phe
474,6,3,ACT,Thr
475,6,1,TAC,Tyr
476,8,1,GAC,Asp
477,6,3,CTC,Leu
478,6,1,TAT,Tyr
479,5,4,CTG,Leu
480,6,3,GTG,Val
481,6,3,ACC,Thr
482,8,1,AAT,Asn
483,6,3,GGG,Gly
484,7,1,AAG,Lys
485,8,1,CAT,His
486,6,3,GGC,Gly
487,7,1,AAG,Lys
488,7,1,AAA,Lys
489,6,3,GTT,Val
490,8,1,AAC,Asn
491,8,1,AAT,Asn
492,6,3,GTG,Val
493,7,0,TGG,Trp
494,8,1,AAT,Asn
495,5,3,GGA,Gly
496,9,0,ATG,Met
497,7,2,ATC,Ile
498,6,3,GGT,Gly
499,7,1,GAA,Glu
500,6,3,GTG,Val
501,6,3,GTC,Val
502,6,1,TAT,Tyr
503,7,1,CAA,Gln
504,5,4,CGG,Arg
505,6,3,GCA,Ala
506,6,3,GTC,Val
507,9,0,ATG,Met
508,6,3,GCA,Ala
509,6,3,GTT,Val
510,6,3,GGC,Gly
511,5,3,TCG,Ser
512,6,3,CTC,Leu
513,6,3,ACC,Thr
514,7,2,ATC,Ile
515,8,1,AAT,Asn
516,7,1,GAG,Glu
517,7,1,GAA,Glu
518,6,3,CGT,Arg
519,6,3,TCT,Ser
520,7,1,GAA,Glu
521,6,3,GTG,Val
522,6,3,GTG,Val
523,8,1,GAC,Asp
524,8,1,TTC,Phe
525,6,3,TCT,Ser
526,6,3,GTG,Val
527,6,3,CCC,Pro
528,8,1,TTT,Phe
529,6,3,GTG,Val
530,7,1,GAA,Glu
531,6,3,ACG,Thr
532,5,3,GGA,Gly
533,7,2,ATC,Ile
534,8,1,AGT,Ser
535,6,3,GTC,Val
536,9,0,ATG,Met
537,6,3,GTT,Val
538,4,3,TCA,Ser
539,6,2,AGA,Arg
540,8,1,AGT,Ser
541,8,1,AAT,Asn
542,6,3,GGC,Gly
543,6,3,ACC,Thr
544,6,3,GTC,Val
545,4,3,TCA,Ser
546,6,3,CCT,Pro
547,6,3,TCT,Ser
548,6,3,GCT,Ala
549,8,1,TTT,Phe
550,5,4,CTA,Leu
551,7,1,GAA,Glu
552,6,3,CCA,Pro
553,8,1,TTC,Phe
554,8,1,AGC,Ser
555,6,3,GCC,Ala
556,6,3,TCT,Ser
557,6,3,GTC,Val
558,7,0,TGG,Trp
559,6,3,GTG,Val
560,9,0,ATG,Met
561,9,0,ATG,Met
562,8,1,TTT,Phe
563,6,3,GTG,Val
564,9,0,ATG,Met
565,5,4,CTG,Leu
566,6,3,CTC,Leu
567,7,2,ATT,Ile
568,6,3,GTT,Val
569,6,3,TCT,Ser
570,6,3,GCC,Ala
571,7,2,ATA,Ile
572,6,3,GCT,Ala
573,6,3,GTT,Val
574,8,1,TTT,Phe
575,6,3,GTC,Val
576,8,1,TTT,Phe
577,7,1,GAA,Glu
578,6,1,TAC,Tyr
579,8,1,TTC,Phe
580,8,1,AGC,Ser
581,6,3,CCT,Pro
582,6,3,GTT,Val
583,5,3,GGA,Gly
584,6,1,TAC,Tyr
585,8,1,AAC,Asn
586,6,2,AGA,Arg
587,8,1,AAC,Asn
588,5,2,TTA,Leu
589,6,3,GCC,Ala
590,7,1,AAA,Lys
591,6,3,GGG,Gly
592,7,1,AAA,Lys
593,6,3,GCA,Ala
594,6,3,CCC,Pro
595,8,1,CAT,His
596,6,3,GGG,Gly
597,6,3,CCT,Pro
598,6,3,TCT,Ser
599,8,1,TTT,Phe
600,6,3,ACA,Thr
601,7,2,ATT,Ile
602,5,3,GGA,Gly
603,7,1,AAA,Lys
604,6,3,GCT,Ala
605,7,2,ATA,Ile
606,7,0,TGG,Trp
607,6,3,CTT,Leu
608,6,3,CTT,Leu
609,7,0,TGG,Trp
610,6,3,GGC,Gly
611,5,4,CTG,Leu
612,6,3,GTG,Val
613,8,1,TTC,Phe
614,8,1,AAT,Asn
615,8,1,AAC,Asn
616,6,3,TCC,Ser
617,6,3,GTG,Val
618,6,3,CCT,Pro
619,6,3,GTC,Val
620,7,1,CAG,Gln
621,8,1,AAT,Asn
622,6,3,CCT,Pro
623,7,1,AAA,Lys
624,6,3,GGG,Gly
625,6,3,ACC,Thr
626,6,3,ACC,Thr
627,8,1,AGC,Ser
628,7,1,AAG,Lys
629,7,2,ATC,Ile
630,9,0,ATG,Met
631,6,3,GTA,Val
632,6,3,TCT,Ser
633,6,3,GTA,Val
634,7,0,TGG,Trp
635,6,3,GCC,Ala
636,8,1,TTC,Phe
637,8,1,TTC,Phe
638,6,3,GCT,Ala
639,6,3,GTC,Val
640,7,2,ATA,Ile
641,8,1,TTC,Phe
642,5,4,CTG,Leu
643,6,3,GCT,Ala
644,8,1,AGC,Ser
645,6,1,TAC,Tyr
646,6,3,ACA,Thr
647,6,3,GCC,Ala
648,8,1,AAT,Asn
649,5,4,CTG,Leu
650,6,3,GCT,Ala
651,6,3,GCC,Ala
652,8,1,TTC,Phe
653,9,0,ATG,Met
654,7,2,ATC,Ile
655,7,1,CAA,Gln
656,7,1,GAG,Glu
657,7,1,GAA,Glu
658,8,1,TTT,Phe
659,6,3,GTG,Val
660,8,1,GAC,Asp
661,7,1,CAA,Gln
662,6,3,GTG,Val
663,6,3,ACC,Thr
664,6,3,GGC,Gly
665,6,3,CTC,Leu
666,8,1,AGT,Ser
667,8,1,GAC,Asp
668,7,1,AAA,Lys
669,7,1,AAG,Lys
670,8,1,TTT,Phe
671,7,1,CAG,Gln
672,6,2,AGA,Arg
673,6,3,CCT,Pro
674,8,1,CAT,His
675,8,1,GAC,Asp
676,6,1,TAT,Tyr
677,6,3,TCC,Ser
678,6,3,CCA,Pro
679,6,3,CCT,Pro
680,8,1,TTT,Phe
681,4,4,CGA,Arg
682,8,1,TTT,Phe
683,6,3,GGG,Gly
684,6,3,ACA,Thr
685,6,3,GTG,Val
686,6,3,CCT,Pro
687,8,1,AAT,Asn
688,5,3,GGA,Gly
689,8,1,AGC,Ser
690,6,3,ACG,Thr
691,7,1,GAG,Glu
692,6,2,AGA,Arg
693,8,1,AAC,Asn
694,7,2,ATT,Ile
695,5,4,CGG,Arg
696,8,1,AAT,Asn
697,8,1,AAC,Asn
698,6,1,TAT,Tyr
699,6,3,CCC,Pro
700,6,1,TAC,Tyr
701,9,0,ATG,Met
702,8,1,CAT,His
703,7,1,CAG,Gln
704,6,1,TAC,Tyr
705,9,0,ATG,Met
706,6,3,ACC,Thr
707,7,1,AAA,Lys
708,8,1,TTT,Phe
709,8,1,AAT,Asn
710,7,1,CAG,Gln
711,7,1,AAA,Lys
712,5,3,GGA,Gly
713,6,3,GTA,Val
714,7,1,GAG,Glu
715,8,1,GAC,Asp
716,6,3,GCC,Ala
717,6,2,TTG,Leu
718,6,3,GTC,Val
719,8,1,AGC,Ser
720,5,4,CTG,Leu
721,7,1,AAA,Lys
722,6,3,ACG,Thr
723,6,3,GGG,Gly
724,7,1,AAG,Lys
725,5,4,CTG,Leu
726,8,1,GAC,Asp
727,6,3,GCT,Ala
728,8,1,TTC,Phe
729,7,2,ATC,Ile
730,6,1,TAC,Tyr
731,8,1,GAT,Asp
732,6,3,GCC,Ala
733,6,3,GCA,Ala
734,6,3,GTC,Val
735,6,2,TTG,Leu
736,8,1,AAT,Asn
737,6,1,TAC,Tyr
738,7,1,AAG,Lys
739,6,3,GCT,Ala
740,6,3,GGG,Gly
741,7,2,AGG,Arg
742,8,1,GAT,Asp
743,7,1,GAA,Glu
744,6,3,GGC,Gly
745,7,1,TGC,Cys
746,7,1,AAG,Lys
747,5,4,CTG,Leu
748,6,3,GTG,Val
749,6,3,ACC,Thr
750,7,2,ATC,Ile
751,6,3,GGG,Gly
752,8,1,AGT,Ser
753,6,3,GGG,Gly
754,6,1,TAC,Tyr
755,7,2,ATC,Ile
756,8,1,TTT,Phe
757,6,3,GCC,Ala
758,6,3,ACC,Thr
759,6,3,ACC,Thr
760,6,3,GGT,Gly
761,6,1,TAT,Tyr
762,5,3,GGA,Gly
763,7,2,ATT,Ile
764,6,3,GCC,Ala
765,6,3,CTT,Leu
766,7,1,CAG,Gln
767,7,1,AAA,Lys
768,6,3,GGC,Gly
769,6,3,TCT,Ser
770,6,3,CCT,Pro
771,7,0,TGG,Trp
772,7,1,AAG,Lys
773,7,2,AGG,Arg
774,7,1,CAG,Gln
775,7,2,ATC,Ile
776,8,1,GAC,Asp
777,5,4,CTG,Leu
778,6,3,GCC,Ala
779,6,2,TTG,Leu
780,6,3,CTT,Leu
781,7,1,CAG,Gln
782,8,1,TTT,Phe
783,6,3,GTG,Val
784,6,3,GGT,Gly
785,8,1,GAT,Asp
786,6,3,GGT,Gly
787,7,1,GAG,Glu
788,9,0,ATG,Met
789,7,1,GAG,Glu
790,7,1,GAG,Glu
791,5,4,CTG,Leu
792,7,1,GAG,Glu
793,6,3,ACC,Thr
794,5,4,CTG,Leu
795,7,0,TGG,Trp
796,6,3,CTC,Leu
797,6,3,ACT,Thr
798,6,3,GGG,Gly
799,7,2,ATC,Ile
800,7,1,TGC,Cys
801,8,1,CAC,His
802,8,1,AAC,Asn
803,7,1,GAG,Glu
804,7,1,AAG,Lys
805,8,1,AAC,Asn
806,7,1,GAG,Glu
807,6,3,GTG,Val
808,9,0,ATG,Met
809,8,1,AGC,Ser
810,8,1,AGC,Ser
811,7,1,CAG,Gln
812,5,4,CTG,Leu
813,8,1,GAC,Asp
814,7,2,ATT,Ile
815,8,1,GAC,Asp
816,8,1,AAC,Asn
817,9,0,ATG,Met
818,6,3,GCG,Ala
819,6,3,GGC,Gly
820,6,3,GTA,Val
821,8,1,TTC,Phe
822,6,1,TAC,Tyr
823,9,0,ATG,Met
824,5,4,CTG,Leu
825,6,3,GCT,Ala
826,6,3,GCC,Ala
827,6,3,GCC,Ala
828,9,0,ATG,Met
829,6,3,GCC,Ala
830,6,3,CTT,Leu
831,8,1,AGC,Ser
832,6,3,CTC,Leu
833,7,2,ATC,Ile
834,6,3,ACC,Thr
835,8,1,TTC,Phe
836,7,2,ATC,Ile
837,7,0,TGG,Trp
838,7,1,GAG,Glu
839,8,1,CAC,His
840,6,3,CTC,Leu
841,8,1,TTC,Phe
842,6,1,TAC,Tyr
843,7,0,TGG,Trp
844,7,1,AAG,Lys
845,5,4,CTG,Leu
846,6,3,CGC,Arg
847,8,1,TTC,Phe
848,7,1,TGT,Cys
849,8,1,TTC,Phe
850,6,3,ACG,Thr
851,6,3,GGC,Gly
852,6,3,GTG,Val
853,7,1,TGC,Cys
854,6,3,TCC,Ser
855,8,1,GAC,Asp
856,5,4,CGG,Arg
857,6,3,CCT,Pro
858,6,3,GGG,Gly
859,6,2,TTG,Leu
860,6,3,CTC,Leu
861,8,1,TTC,Phe
862,6,3,TCC,Ser
863,7,2,ATC,Ile
864,8,1,AGC,Ser
865,7,2,AGG,Arg
866,6,3,GGC,Gly
867,7,2,ATC,Ile
868,6,1,TAC,Tyr
869,8,1,AGC,Ser
870,7,1,TGC,Cys
871,7,2,ATT,Ile
872,8,1,CAT,His
873,5,3,GGA,Gly
874,6,3,GTG,Val
875,8,1,CAC,His
876,7,2,ATT,Ile
877,7,1,GAA,Glu
878,7,1,GAA,Glu
879,7,1,AAG,Lys
880,7,1,AAG,Lys
881,7,1,AAG,Lys
882,6,3,TCT,Ser
883,6,3,CCA,Pro
884,8,1,GAC,Asp
885,8,1,TTC,Phe
886,8,1,AAT,Asn
887,5,4,CTG,Leu
888,6,3,ACG,Thr
889,5,3,GGA,Gly
890,6,3,TCC,Ser
891,7,1,CAG,Gln
892,8,1,AGC,Ser
893,8,1,AAC,Asn
894,9,0,ATG,Met
895,5,2,TTA,Leu
896,7,1,AAA,Lys
897,6,3,CTC,Leu
898,6,3,CTC,Leu
899,5,4,CGG,Arg
900,4,3,TCA,Ser
901,6,3,GCC,Ala
902,7,1,AAA,Lys
903,8,1,AAC,Asn
904,7,2,ATT,Ile
905,6,3,TCC,Ser
906,8,1,AGC,Ser
907,9,0,ATG,Met
908,6,3,TCC,Ser
909,8,1,AAC,Asn
910,9,0,ATG,Met
911,8,1,AAC,Asn
912,6,3,TCC,Ser
913,4,3,TCA,Ser
914,6,2,AGA,Arg
915,9,0,ATG,Met
916,8,1,GAC,Asp
917,4,3,TCA,Ser
918,6,3,CCC,Pro
919,7,1,AAA,Lys
920,6,2,AGA,Arg
921,6,3,GCT,Ala
922,6,3,GCT,Ala
923,8,1,GAC,Asp
924,8,1,TTC,Phe
925,7,2,ATC,Ile
926,7,1,CAA,Gln
927,6,2,AGA,Arg
928,6,3,GGT,Gly
929,6,3,TCC,Ser
930,6,3,CTC,Leu
931,7,2,ATC,Ile
932,9,0,ATG,Met
933,8,1,GAC,Asp
934,9,0,ATG,Met
935,6,3,GTT,Val
936,4,3,TCA,Ser
937,8,1,GAT,Asp
938,7,1,AAG,Lys
939,6,3,GGG,Gly
940,8,1,AAT,Asn
941,6,2,TTG,Leu
942,9,0,ATG,Met
943,6,1,TAC,Tyr
944,4,3,TCA,Ser
945,8,1,GAC,Asp
946,8,1,AAC,Asn
947,7,2,AGG,Arg
948,6,3,TCC,Ser
949,8,1,TTT,Phe
950,7,1,CAG,Gln
951,6,3,GGG,Gly
952,7,1,AAA,Lys
953,7,1,GAG,Glu
954,8,1,AGC,Ser
955,7,2,ATT,Ile
956,8,1,TTT,Phe
957,5,3,GGA,Gly
958,8,1,GAC,Asp
959,8,1,AAC,Asn
960,9,0,ATG,Met
961,8,1,AAC,Asn
962,7,1,GAA,Glu
963,6,3,CTC,Leu
964,7,1,CAA,Gln
965,6,3,ACA,Thr
966,8,1,TTT,Phe
967,6,3,GTG,Val
968,6,3,GCC,Ala
969,8,1,AAC,Asn
970,5,4,CGG,Arg
971,7,1,CAG,Gln
972,7,1,AAG,Lys
973,8,1,GAT,Asp
974,8,1,AAC,Asn
975,6,3,CTC,Leu
976,8,1,AAT,Asn
977,8,1,AAC,Asn
978,6,1,TAT,Tyr
979,6,3,GTA,Val
980,8,1,TTC,Phe
981,7,1,CAG,Gln
982,5,3,GGA,Gly
983,7,1,CAA,Gln
984,8,1,CAT,His
985,6,3,CCT,Pro
986,6,3,CTT,Leu
987,6,3,ACT,Thr
988,6,3,CTC,Leu
989,8,1,AAT,Asn
990,7,1,GAG,Glu
991,6,3,TCC,Ser
992,8,1,AAC,Asn
993,6,3,CCT,Pro
994,8,1,AAC,Asn
995,6,3,ACG,Thr
996,6,3,GTG,Val
997,7,1,GAG,Glu
998,6,3,GTG,Val
999,6,3,GCC,Ala
1000,6,3,GTG,Val
1001,8,1,AGC,Ser
1002,6,3,ACA,Thr
1003,7,1,GAA,Glu
1004,6,3,TCC,Ser
1005,7,1,AAA,Lys
1006,6,3,GCG,Ala
1007,8,1,AAC,Asn
1008,6,3,TCT,Ser
1009,6,2,AGA,Arg
1010,6,3,CCC,Pro
1011,5,4,CGG,Arg
1012,7,1,CAG,Gln
1013,5,4,CTG,Leu
1014,7,0,TGG,Trp
1015,7,1,AAG,Lys
1016,7,1,AAA,Lys
1017,6,3,TCC,Ser
1018,6,3,GTG,Val
1019,8,1,GAT,Asp
1020,6,3,TCC,Ser
1021,7,2,ATA,Ile
1022,6,3,CGC,Arg
1023,7,1,CAG,Gln
1024,8,1,GAT,Asp
1025,4,3,TCA,Ser
1026,5,4,CTA,Leu
1027,6,3,TCC,Ser
1028,7,1,CAG,Gln
1029,8,1,AAT,Asn
1030,6,3,CCA,Pro
1031,6,3,GTC,Val
1032,6,3,TCC,Ser
1033,7,1,CAG,Gln
1034,7,2,AGG,Arg
1035,8,1,GAT,Asp
1036,7,1,GAG,Glu
1037,6,3,GCA,Ala
1038,6,3,ACA,Thr
1039,6,3,GCA,Ala
1040,7,1,GAG,Glu
1041,8,1,AAT,Asn
1042,7,2,AGG,Arg
1043,6,3,ACC,Thr
1044,8,1,CAC,His
1045,6,3,TCC,Ser
1046,5,4,CTA,Leu
1047,7,1,AAG,Lys
1048,8,1,AGC,Ser
1049,6,3,CCT,Pro
1050,7,2,AGG,Arg
1051,6,1,TAT,Tyr
1052,6,3,CTT,Leu
1053,6,3,CCA,Pro
1054,7,1,GAA,Glu
1055,7,1,GAG,Glu
1056,9,0,ATG,Met
1057,6,3,GCC,Ala
1058,8,1,CAC,His
1059,6,3,TCT,Ser
1060,8,1,GAC,Asp
1061,7,2,ATT,Ile
1062,4,3,TCA,Ser
1063,7,1,GAA,Glu
1064,6,3,ACG,Thr
1065,4,3,TCA,Ser
1066,8,1,AAT,Asn
1067,5,4,CGG,Arg
1068,6,3,GCC,Ala
1069,6,3,ACG,Thr
1070,7,1,TGC,Cys
1071,8,1,CAC,His
1072,7,2,AGG,Arg
1073,7,1,GAA,Glu
1074,6,3,CCT,Pro
1075,8,1,GAC,Asp
1076,8,1,AAC,Asn
1077,8,1,AGT,Ser
1078,7,1,AAG,Lys
1079,8,1,AAC,Asn
1080,8,1,CAC,His
1081,7,1,AAA,Lys
1082,6,3,ACC,Thr
1083,7,1,AAG,Lys
1084,8,1,GAC,Asp
1085,8,1,AAC,Asn
1086,8,1,TTT,Phe
1087,7,1,AAA,Lys
1088,7,2,AGG,Arg
1089,4,3,TCA,Ser
1090,6,3,GTG,Val
1091,6,3,GCC,Ala
1092,6,3,TCC,Ser
1093,7,1,AAA,Lys
1094,6,1,TAC,Tyr
1095,6,3,CCC,Pro
1096,7,1,AAG,Lys
1097,8,1,GAC,Asp
1098,7,1,TGT,Cys
1099,8,1,AGT,Ser
1100,7,1,GAG,Glu
1101,6,3,GTC,Val
1102,7,1,GAG,Glu
1103,6,3,CGC,Arg
1104,6,3,ACC,Thr
1105,6,1,TAC,Tyr
1106,5,4,CTG,Leu
1107,7,1,AAA,Lys
1108,6,3,ACC,Thr
1109,7,1,AAA,Lys
1110,4,3,TCA,Ser
1111,8,1,AGC,Ser
1112,6,3,TCC,Ser
1113,6,3,CCT,Pro
1114,6,2,AGA,Arg
1115,8,1,GAC,Asp
1116,7,1,AAG,Lys
1117,7,2,ATC,Ile
1118,6,1,TAC,Tyr
1119,6,3,ACT,Thr
1120,7,2,ATA,Ile
1121,8,1,GAT,Asp
1122,6,3,GGT,Gly
1123,7,1,GAG,Glu
1124,7,1,AAG,Lys
1125,7,1,GAG,Glu
1126,6,3,CCT,Pro
1127,6,3,GGT,Gly
1128,8,1,TTC,Phe
1129,8,1,CAC,His
1130,5,2,TTA,Leu
1131,8,1,GAT,Asp
1132,6,3,CCA,Pro
1133,6,3,CCC,Pro
1134,7,1,CAG,Gln
1135,8,1,TTT,Phe
1136,6,3,GTT,Val
1137,7,1,GAA,Glu
1138,8,1,AAT,Asn
1139,6,3,GTG,Val
1140,6,3,ACC,Thr
1141,5,4,CTG,Leu
1142,6,3,CCC,Pro
1143,7,1,GAG,Glu
1144,8,1,AAC,Asn
1145,6,3,GTG,Val
1146,8,1,GAC,Asp
1147,8,1,TTC,Phe
1148,6,3,CCG,Pro
1149,8,1,GAC,Asp
1150,6,3,CCC,Pro
1151,6,1,TAC,Tyr
1152,7,1,CAG,Gln
1153,8,1,GAT,Asp
1154,6,3,CCC,Pro
1155,8,1,AGT,Ser
1156,7,1,GAA,Glu
1157,8,1,AAC,Asn
1158,8,1,TTC,Phe
1159,6,3,CGC,Arg
1160,7,1,AAG,Lys
1161,6,3,GGG,Gly
1162,8,1,GAC,Asp
1163,6,3,TCC,Ser
1164,6,3,ACG,Thr
1165,5,4,CTG,Leu
1166,6,3,CCA,Pro
1167,9,0,ATG,Met
1168,8,1,AAC,Asn
1169,5,4,CGG,Arg
1170,8,1,AAC,Asn
1171,6,3,CCC,Pro
1172,6,2,TTG,Leu
1173,8,1,CAT,His
1174,8,1,AAT,Asn
1175,7,1,GAA,Glu
1176,7,1,GAG,Glu
1177,6,3,GGG,Gly
1178,6,3,CTT,Leu
1179,6,3,TCC,Ser
1180,8,1,AAC,Asn
1181,8,1,AAC,Asn
1182,8,1,GAC,Asp
1183,7,1,CAG,Gln
1184,6,1,TAT,Tyr
1185,7,1,AAA,Lys
1186,6,3,CTC,Leu
1187,6,1,TAC,Tyr
1188,6,3,TCC,Ser
1189,7,1,AAG,Lys
1190,8,1,CAC,His
1191,8,1,TTC,Phe
1192,6,3,ACC,Thr
1193,6,2,TTG,Leu
1194,7,1,AAA,Lys
1195,8,1,GAC,Asp
1196,7,1,AAG,Lys
1197,6,3,GGT,Gly
1198,6,3,TCC,Ser
1199,6,3,CCG,Pro
1200,8,1,CAC,His
1201,8,1,AGT,Ser
1202,7,1,GAG,Glu
1203,6,3,ACC,Thr
1204,8,1,AGC,Ser
1205,7,1,GAG,Glu
1206,4,4,CGA,Arg
1207,6,1,TAC,Tyr
1208,5,4,CGG,Arg
1209,7,1,CAG,Gln
1210,8,1,AAC,Asn
1211,6,3,TCC,Ser
1212,6,3,ACG,Thr
1213,8,1,CAC,His
1214,7,1,TGC,Cys
1215,6,2,AGA,Arg
1216,8,1,AGC,Ser
1217,7,1,TGC,Cys
1218,6,3,CTT,Leu
1219,6,3,TCC,Ser
1220,8,1,AAC,Asn
1221,9,0,ATG,Met
1222,6,3,CCC,Pro
1223,6,3,ACC,Thr
1224,6,1,TAT,Tyr
1225,4,3,TCA,Ser
1226,6,3,GGC,Gly
1227,8,1,CAC,His
1228,8,1,TTC,Phe
1229,6,3,ACC,Thr
1230,9,0,ATG,Met
1231,7,2,AGG,Arg
1232,6,3,TCC,Ser
1233,6,3,CCC,Pro
1234,8,1,TTC,Phe
1235,7,1,AAG,Lys
1236,7,1,TGC,Cys
1237,8,1,GAT,Asp
1238,6,3,GCC,Ala
1239,7,1,TGC,Cys
1240,5,4,CTG,Leu
1241,5,4,CGG,Arg
1242,9,0,ATG,Met
1243,6,3,GGG,Gly
1244,8,1,AAC,Asn
1245,6,3,CTC,Leu
1246,6,1,TAT,Tyr
1247,8,1,GAC,Asp
1248,7,2,ATC,Ile
1249,8,1,GAT,Asp
1250,7,1,GAA,Glu
1251,8,1,GAC,Asp
1252,7,1,CAG,Gln
1253,9,0,ATG,Met
1254,6,3,CTT,Leu
1255,7,1,CAG,Gln
1256,7,1,GAG,Glu
1257,6,3,ACA,Thr
1258,6,3,GGT,Gly
1259,8,1,AAC,Asn
1260,6,3,CCA,Pro
1261,6,3,GCC,Ala
1262,6,3,ACC,Thr
1263,6,3,GGG,Gly
1264,7,1,GAG,Glu
1265,7,1,CAG,Gln
1266,6,3,GTC,Val
1267,6,1,TAC,Tyr
1268,7,1,CAG,Gln
1269,7,1,CAG,Gln
1270,8,1,GAC,Asp
1271,7,0,TGG,Trp
1272,6,3,GCA,Ala
1273,7,1,CAG,Gln
1274,8,1,AAC,Asn
1275,8,1,AAT,Asn
1276,6,3,GCC,Ala
1277,6,3,CTT,Leu
1278,7,1,CAA,Gln
1279,5,2,TTA,Leu
1280,7,1,CAA,Gln
1281,7,1,AAG,Lys
1282,8,1,AAC,Asn
1283,7,1,AAG,Lys
1284,5,4,CTA,Leu
1285,7,2,AGG,Arg
1286,7,2,ATT,Ile
1287,8,1,AGC,Ser
1288,6,3,CGT,Arg
1289,7,1,CAG,Gln
1290,8,1,CAT,His
1291,6,3,TCC,Ser
1292,6,1,TAC,Tyr
1293,8,1,GAT,Asp
1294,8,1,AAC,Asn
1295,7,2,ATT,Ile
1296,6,3,GTC,Val
1297,8,1,GAC,Asp
1298,7,1,AAA,Lys
1299,6,3,CCT,Pro
1300,7,2,AGG,Arg
1301,7,1,GAG,Glu
1302,5,4,CTA,Leu
1303,8,1,GAC,Asp
1304,6,3,CTT,Leu
1305,8,1,AGC,Ser
1306,7,2,AGG,Arg
1307,6,3,CCC,Pro
1308,6,3,TCC,Ser
1309,5,4,CGG,Arg
1310,8,1,AGC,Ser
1311,7,2,ATA,Ile
1312,8,1,AGC,Ser
1313,6,3,CTC,Leu
1314,7,1,AAG,Lys
1315,8,1,GAC,Asp
1316,7,2,AGG,Arg
1317,7,1,GAA,Glu
1318,5,4,CGG,Arg
1319,6,3,CTT,Leu
1320,5,4,CTG,Leu
1321,7,1,GAG,Glu
1322,5,3,GGA,Gly
1323,8,1,AAT,Asn
1324,8,1,TTT,Phe
1325,6,1,TAC,Tyr
1326,6,3,GGC,Gly
1327,8,1,AGC,Ser
1328,5,4,CTG,Leu
1329,8,1,TTT,Phe
1330,8,1,AGT,Ser
1331,6,3,GTC,Val
1332,6,3,CCC,Pro
1333,4,3,TCA,Ser
1334,8,1,AGC,Ser
1335,7,1,AAA,Lys
1336,6,3,CTC,Leu
1337,5,3,TCG,Ser
1338,6,3,GGG,Gly
1339,7,1,AAA,Lys
1340,7,1,AAA,Lys
1341,8,1,AGC,Ser
1342,6,3,TCC,Ser
1343,6,3,CTT,Leu
1344,8,1,TTC,Phe
1345,6,3,CCC,Pro
1346,7,1,CAA,Gln
1347,6,3,GGT,Gly
1348,5,4,CTG,Leu
1349,7,1,GAG,Glu
1350,8,1,GAC,Asp
1351,8,1,AGC,Ser
1352,7,1,AAG,Lys
1353,7,2,AGG,Arg
1354,8,1,AGC,Ser
1355,7,1,AAG,Lys
1356,6,3,TCT,Ser
1357,6,3,CTC,Leu
1358,6,2,TTG,Leu
1359,6,3,CCA,Pro
1360,8,1,GAC,Asp
1361,8,1,CAC,His
1362,6,3,ACC,Thr
1363,6,3,TCC,Ser
1364,8,1,GAT,Asp
1365,8,1,AAC,Asn
1366,6,3,CCT,Pro
1367,8,1,TTC,Phe
1368,6,3,CTC,Leu
1369,8,1,CAC,His
1370,6,3,TCC,Ser
1371,8,1,CAC,His
1372,7,2,AGG,Arg
1373,8,1,GAT,Asp
1374,8,1,GAC,Asp
1375,7,1,CAA,Gln
1376,6,3,CGC,Arg
1377,6,2,TTG,Leu
1378,6,3,GTT,Val
1379,7,2,ATT,Ile
1380,6,3,GGG,Gly
1381,6,2,AGA,Arg
1382,7,1,TGC,Cys
1383,6,3,CCC,Pro
1384,5,3,TCG,Ser
1385,8,1,GAC,Asp
1386,6,3,CCT,Pro
1387,6,1,TAC,Tyr
1388,7,1,AAA,Lys
1389,8,1,CAC,His
1390,5,3,TCG,Ser
1391,6,2,TTG,Leu
1392,6,3,CCA,Pro
1393,6,3,TCC,Ser
1394,7,1,CAG,Gln
1395,6,3,GCG,Ala
1396,6,3,GTG,Val
1397,8,1,AAT,Asn
1398,8,1,GAC,Asp
1399,8,1,AGC,Ser
1400,6,1,TAT,Tyr
1401,6,3,CTT,Leu
1402,5,4,CGG,Arg
1403,5,3,TCG,Ser
1404,6,3,TCC,Ser
1405,6,2,TTG,Leu
1406,7,2,AGG,Arg
1407,4,3,TCA,Ser
1408,6,3,ACG,Thr
1409,6,3,GCA,Ala
1410,5,3,TCG,Ser
1411,6,1,TAC,Tyr
1412,7,1,TGT,Cys
1413,6,3,TCC,Ser
1414,7,2,AGG,Arg
1415,8,1,GAC,Asp
1416,8,1,AGT,Ser
1417,5,4,CGG,Arg
1418,6,3,GGC,Gly
1419,8,1,CAC,His
1420,8,1,AAT,Asn
1421,8,1,GAT,Asp
1422,6,3,GTG,Val
1423,6,1,TAT,Tyr
1424,7,2,ATT,Ile
1425,5,3,TCG,Ser
1426,7,1,GAG,Glu
1427,8,1,CAT,His
1428,6,3,GTT,Val
1429,9,0,ATG,Met
1430,6,3,CCT,Pro
1431,6,1,TAT,Tyr
1432,6,3,GCT,Ala
1433,6,3,GCA,Ala
1434,8,1,AAT,Asn
1435,7,1,AAG,Lys
1436,8,1,AAT,Asn
1437,8,1,AAT,Asn
1438,9,0,ATG,Met
1439,6,1,TAC,Tyr
1440,6,3,TCT,Ser
1441,6,3,ACC,Thr
1442,6,3,CCC,Pro
1443,7,2,AGG,Arg
1444,6,3,GTT,Val
1445,5,2,TTA,Leu
1446,8,1,AAT,Asn
1447,6,3,TCC,Ser
1448,7,1,TGC,Cys
1449,8,1,AGC,Ser
1450,8,1,AAT,Asn
1451,6,2,AGA,Arg
1452,6,3,CGC,Arg
1453,6,3,GTG,Val
1454,6,1,TAC,Tyr
1455,7,1,AAG,Lys
1456,7,1,AAA,Lys
1457,9,0,ATG,Met
1458,6,3,CCT,Pro
1459,8,1,AGT,Ser
1460,7,2,ATC,Ile
1461,7,1,GAA,Glu
1462,6,3,TCT,Ser
1463,8,1,GAT,Asp
1464,6,3,GTT,Val
1465,7,0,TAA,Ter
